,Ticker,Current_Price,Fifty_Two_Week_Low,Fifty_Two_Week_High
0,AAL,15.25,11.93,22.35
1,AAL,15.25,11.93,22.35
2,AAL,15.25,11.93,22.35
3,AAL,15.25,11.93,22.35
4,AAP,202.53,164.0,244.55
5,AAP,202.53,164.0,244.55
6,AAP,202.53,164.0,244.55
7,AAP,202.53,164.0,244.55
8,AAPL,172.1,129.04,182.94
9,AAPL,172.1,129.04,182.94
10,AAPL,172.1,129.04,182.94
11,AAPL,172.1,129.04,182.94
12,ABBV,142.6,105.56,175.91
13,ABBV,142.6,105.56,175.91
14,ABBV,142.6,105.56,175.91
15,ABBV,142.6,105.56,175.91
16,ABC,150.5,113.68,167.19
17,ABC,150.5,113.68,167.19
18,ABC,150.5,113.68,167.19
19,ABC,150.5,113.68,167.19
20,ABT,111.48,101.24,142.6
21,ABT,111.48,101.24,142.6
22,ABT,111.48,101.24,142.6
23,ABT,111.48,101.24,142.6
24,ADBE,445.67,338.0,699.54
25,ADBE,445.67,338.0,699.54
26,ADBE,445.67,338.0,699.54
27,ADBE,445.67,338.0,699.54
28,ADI,179.26,138.5,191.95
29,ADI,179.26,138.5,191.95
30,ADI,179.26,138.5,191.95
31,ADI,179.26,138.5,191.95
32,ADM,86.6,58.44,98.88
33,ADM,86.6,58.44,98.88
34,ADM,86.6,58.44,98.88
35,ADM,86.6,58.44,98.88
36,ADS,0.0,0.0,0.0
37,ADS,0.0,0.0,0.0
38,ADS,0.0,0.0,0.0
39,ADS,0.0,0.0,0.0
40,ADSK,233.01,163.2,344.39
41,ADSK,233.01,163.2,344.39
42,ADSK,233.01,163.2,344.39
43,ADSK,233.01,163.2,344.39
44,AEE,94.83,80.27,99.2
45,AEE,94.83,80.27,99.2
46,AEE,94.83,80.27,99.2
47,AEE,94.83,80.27,99.2
48,AEP,103.78,80.22,104.81
49,AEP,103.78,80.22,104.81
50,AEP,103.78,80.22,104.81
51,AEP,103.78,80.22,104.81
52,AFL,64.03,51.28,67.2
53,AFL,64.03,51.28,67.2
54,AFL,64.03,51.28,67.2
55,AFL,64.03,51.28,67.2
56,AIG,57.41,48.4,65.73
57,AIG,57.41,48.4,65.73
58,AIG,57.41,48.4,65.73
59,AIG,57.41,48.4,65.73
60,AIV,9.6,5.22,9.79
61,AIV,9.6,5.22,9.79
62,AIV,9.6,5.22,9.79
63,AIV,9.6,5.22,9.79
64,AIZ,166.28,144.18,194.12
65,AIZ,166.28,144.18,194.12
66,AIZ,166.28,144.18,194.12
67,AIZ,166.28,144.18,194.12
68,AJG,189.4,139.76,189.56
69,AJG,189.4,139.76,189.56
70,AJG,189.4,139.76,189.56
71,AJG,189.4,139.76,189.56
72,AKAM,95.95,85.9,123.25
73,AKAM,95.95,85.9,123.25
74,AKAM,95.95,85.9,123.25
75,AKAM,95.95,85.9,123.25
76,ALB,281.57,169.93,291.48
77,ALB,281.57,169.93,291.48
78,ALB,281.57,169.93,291.48
79,ALB,281.57,169.93,291.48
80,ALK,47.34,38.19,63.76
81,ALK,47.34,38.19,63.76
82,ALK,47.34,38.19,63.76
83,ALK,47.34,38.19,63.76
84,ALL,129.44,106.11,144.46
85,ALL,129.44,106.11,144.46
86,ALL,129.44,106.11,144.46
87,ALL,129.44,106.11,144.46
88,ALLE,106.41,93.05,148.7
89,ALLE,106.41,93.05,148.7
90,ALLE,106.41,93.05,148.7
91,ALLE,106.41,93.05,148.7
92,ALXN,0.0,0.0,0.0
93,ALXN,0.0,0.0,0.0
94,ALXN,0.0,0.0,0.0
95,ALXN,0.0,0.0,0.0
96,AMAT,110.38,82.67,167.06
97,AMAT,110.38,82.67,167.06
98,AMAT,110.38,82.67,167.06
99,AMAT,110.38,82.67,167.06
100,AME,129.31,106.17,148.07
101,AME,129.31,106.17,148.07
102,AME,129.31,106.17,148.07
103,AME,129.31,106.17,148.07
104,AMG,139.85,109.57,191.62
105,AMG,139.85,109.57,191.62
106,AMG,139.85,109.57,191.62
107,AMG,139.85,109.57,191.62
108,AMGN,248.39,198.64,258.45
109,AMGN,248.39,198.64,258.45
110,AMGN,248.39,198.64,258.45
111,AMGN,248.39,198.64,258.45
112,AMP,289.17,219.99,332.37
113,AMP,289.17,219.99,332.37
114,AMP,289.17,219.99,332.37
115,AMP,289.17,219.99,332.37
116,AMT,277.72,220.0,303.72
117,AMT,277.72,220.0,303.72
118,AMT,277.72,220.0,303.72
119,AMT,277.72,220.0,303.72
120,AMZN,143.55,101.26,188.1075
121,AMZN,143.55,101.26,188.1075
122,AMZN,143.55,101.26,188.1075
123,AMZN,143.55,101.26,188.1075
124,AN,124.71,96.56,133.48
125,AN,124.71,96.56,133.48
126,AN,124.71,96.56,133.48
127,AN,124.71,96.56,133.48
128,ANTM,0.0,0.0,0.0
129,ANTM,0.0,0.0,0.0
130,ANTM,0.0,0.0,0.0
131,ANTM,0.0,0.0,0.0
132,AON,301.48,246.21,341.98
133,AON,301.48,246.21,341.98
134,AON,301.48,246.21,341.98
135,AON,301.48,246.21,341.98
136,APA,34.7,15.55,51.95
137,APA,34.7,15.55,51.95
138,APA,34.7,15.55,51.95
139,APA,34.7,15.55,51.95
140,APC,0.0,0.0,0.0
141,APC,0.0,0.0,0.0
142,APC,0.0,0.0,0.0
143,APC,0.0,0.0,0.0
144,APD,270.88,216.24,316.39
145,APD,270.88,216.24,316.39
146,APD,270.88,216.24,316.39
147,APD,270.88,216.24,316.39
148,APH,79.48,61.67,88.45
149,APH,79.48,61.67,88.45
150,APH,79.48,61.67,88.45
151,APH,79.48,61.67,88.45
152,ARNC,27.98,22.45,36.55
153,ARNC,27.98,22.45,36.55
154,ARNC,27.98,22.45,36.55
155,ARNC,27.98,22.45,36.55
156,ATVI,80.79,56.4,86.9
157,ATVI,80.79,56.4,86.9
158,ATVI,80.79,56.4,86.9
159,ATVI,80.79,56.4,86.9
160,AVB,218.16,183.35,259.05
161,AVB,218.16,183.35,259.05
162,AVB,218.16,183.35,259.05
163,AVB,218.16,183.35,259.05
164,AVGO,558.23,462.66,677.76
165,AVGO,558.23,462.66,677.76
166,AVY,202.47,151.62,229.24
167,AVY,202.47,151.62,229.24
168,AVY,202.47,151.62,229.24
169,AVY,202.47,151.62,229.24
170,AWK,158.33,129.45,189.65
171,AWK,158.33,129.45,189.65
172,AWK,158.33,129.45,189.65
173,AWK,158.33,129.45,189.65
174,AXP,165.84,134.12,199.55
175,AXP,165.84,134.12,199.55
176,AXP,165.84,134.12,199.55
177,AXP,165.84,134.12,199.55
178,AYI,183.24,142.71,224.59
179,AYI,183.24,142.71,224.59
180,AYI,183.24,142.71,224.59
181,AYI,183.24,142.71,224.59
182,AZO,2259.18,1503.3,2267.4
183,AZO,2259.18,1503.3,2267.4
184,AZO,2259.18,1503.3,2267.4
185,AZO,2259.18,1503.3,2267.4
186,BA,169.99,113.02,233.94
187,BA,169.99,113.02,233.94
188,BA,169.99,113.02,233.94
189,BA,169.99,113.02,233.94
190,BAC,36.3,29.67,50.11
191,BAC,36.3,29.67,50.11
192,BAC,36.3,29.67,50.11
193,BAC,36.3,29.67,50.11
194,BAX,60.46,57.49,89.7
195,BAX,60.46,57.49,89.7
196,BAX,60.46,57.49,89.7
197,BAX,60.46,57.49,89.7
198,BBBY,12.95,4.38,30.14
199,BBBY,12.95,4.38,30.14
200,BBBY,12.95,4.38,30.14
201,BBBY,12.95,4.38,30.14
202,BBT,0.0,0.0,0.0
203,BBT,0.0,0.0,0.0
204,BBT,0.0,0.0,0.0
205,BBT,0.0,0.0,0.0
206,BBY,80.3,64.29,141.97
207,BBY,80.3,64.29,141.97
208,BBY,80.3,64.29,141.97
209,BBY,80.3,64.29,141.97
210,BCR,0.0,0.0,0.0
211,BCR,0.0,0.0,0.0
212,BCR,0.0,0.0,0.0
213,BCR,0.0,0.0,0.0
214,BDX,263.69,229.39513,277.29
215,BDX,263.69,229.39513,277.29
216,BDX,263.69,229.39513,277.29
217,BDX,263.69,229.39513,277.29
218,BHI,0.0,0.0,0.0
219,BHI,0.0,0.0,0.0
220,BHI,0.0,0.0,0.0
221,BHI,0.0,0.0,0.0
222,BIIB,220.99,187.16,351.86
223,BIIB,220.99,187.16,351.86
224,BIIB,220.99,187.16,351.86
225,BIIB,220.99,187.16,351.86
226,BK,44.9,39.78,64.63
227,BK,44.9,39.78,64.63
228,BK,44.9,39.78,64.63
229,BK,44.9,39.78,64.63
230,BLL,0.0,0.0,0.0
231,BLL,0.0,0.0,0.0
232,BLL,0.0,0.0,0.0
233,BLL,0.0,0.0,0.0
234,BMY,75.57,53.22,80.59
235,BMY,75.57,53.22,80.59
236,BMY,75.57,53.22,80.59
237,BMY,75.57,53.22,80.59
238,BSX,42.33,34.98,47.5
239,BSX,42.33,34.98,47.5
240,BSX,42.33,34.98,47.5
241,BSX,42.33,34.98,47.5
242,BWA,40.02,32.28,50.09
243,BWA,40.02,32.28,50.09
244,BWA,40.02,32.28,50.09
245,BWA,40.02,32.28,50.09
246,BXP,90.11,84.86,133.11
247,BXP,90.11,84.86,133.11
248,BXP,90.11,84.86,133.11
249,BXP,90.11,84.86,133.11
250,C,54.38,43.44,73.9
251,C,54.38,43.44,73.9
252,C,54.38,43.44,73.9
253,C,54.38,43.44,73.9
254,CAG,34.39,30.06,36.97
255,CAG,34.39,30.06,36.97
256,CAG,34.39,30.06,36.97
257,CAG,34.39,30.06,36.97
258,CAH,69.32,45.85,69.55
259,CAH,69.32,45.85,69.55
260,CAH,69.32,45.85,69.55
261,CAH,69.32,45.85,69.55
262,CAT,196.84,167.08,237.9
263,CAT,196.84,167.08,237.9
264,CAT,196.84,167.08,237.9
265,CAT,196.84,167.08,237.9
266,CB,197.55,171.96,218.99
267,CB,197.55,171.96,218.99
268,CB,197.55,171.96,218.99
269,CB,197.55,171.96,218.99
270,CBG,0.0,0.0,0.0
271,CBG,0.0,0.0,0.0
272,CBG,0.0,0.0,0.0
273,CBG,0.0,0.0,0.0
274,CCI,181.68,153.7,209.87
275,CCI,181.68,153.7,209.87
276,CCI,181.68,153.7,209.87
277,CCI,181.68,153.7,209.87
278,CCL,10.72,8.1,27.39
279,CCL,10.72,8.1,27.39
280,CCL,10.72,8.1,27.39
281,CCL,10.72,8.1,27.39
282,CELG,0.0,0.0,0.0
283,CELG,0.0,0.0,0.0
284,CELG,0.0,0.0,0.0
285,CELG,0.0,0.0,0.0
286,CERN,0.0,0.0,0.0
287,CERN,0.0,0.0,0.0
288,CERN,0.0,0.0,0.0
289,CERN,0.0,0.0,0.0
290,CF,104.52,43.19,113.49
291,CF,104.52,43.19,113.49
292,CF,104.52,43.19,113.49
293,CF,104.52,43.19,113.49
294,CFG,39.91,34.345,57.0
295,CFG,39.91,34.345,57.0
296,CFG,39.91,34.345,57.0
297,CFG,39.91,34.345,57.0
298,CHD,87.7,80.34,105.28
299,CHD,87.7,80.34,105.28
300,CHD,87.7,80.34,105.28
301,CHD,87.7,80.34,105.28
302,CHK,98.21,50.71,105.0
303,CHK,98.21,50.71,105.0
304,CHK,98.21,50.71,105.0
305,CHK,98.21,50.71,105.0
306,CHRW,117.28,85.8,118.99
307,CHRW,117.28,85.8,118.99
308,CHRW,117.28,85.8,118.99
309,CHRW,117.28,85.8,118.99
310,CHTR,478.12,407.75,825.62
311,CHTR,478.12,407.75,825.62
312,CHTR,478.12,407.75,825.62
313,CHTR,478.12,407.75,825.62
314,CI,290.92,191.74,291.39
315,CI,290.92,191.74,291.39
316,CI,290.92,191.74,291.39
317,CI,290.92,191.74,291.39
318,CINF,104.33,93.41,143.22
319,CINF,104.33,93.41,143.22
320,CINF,104.33,93.41,143.22
321,CINF,104.33,93.41,143.22
322,CL,80.29,72.2,85.61
323,CL,80.29,72.2,85.61
324,CL,80.29,72.2,85.61
325,CL,80.29,72.2,85.61
326,CLX,146.37,120.5,186.86
327,CLX,146.37,120.5,186.86
328,CLX,146.37,120.5,186.86
329,CLX,146.37,120.5,186.86
330,CMA,85.66,70.31,102.09
331,CMA,85.66,70.31,102.09
332,CMA,85.66,70.31,102.09
333,CMA,85.66,70.31,102.09
334,CME,202.6,185.79,256.94
335,CME,202.6,185.79,256.94
336,CME,202.6,185.79,256.94
337,CME,202.6,185.79,256.94
338,CMG,1663.7,1196.28,1958.55
339,CMG,1663.7,1196.28,1958.55
340,CMG,1663.7,1196.28,1958.55
341,CMG,1663.7,1196.28,1958.55
342,CMI,227.76,184.28,247.48
343,CMI,227.76,184.28,247.48
344,CMI,227.76,184.28,247.48
345,CMI,227.76,184.28,247.48
346,CMS,69.67,58.51,73.76
347,CMS,69.67,58.51,73.76
348,CMS,69.67,58.51,73.76
349,CMS,69.67,58.51,73.76
350,CNC,96.64,59.67,96.8
351,CNC,96.64,59.67,96.8
352,CNC,96.64,59.67,96.8
353,CNC,96.64,59.67,96.8
354,CNP,32.5,24.33,33.0
355,CNP,32.5,24.33,33.0
356,CNP,32.5,24.33,33.0
357,CNP,32.5,24.33,33.0
358,COF,115.74,98.54,177.72
359,COF,115.74,98.54,177.72
360,COF,115.74,98.54,177.72
361,COF,115.74,98.54,177.72
362,COG,0.0,0.0,0.0
363,COG,0.0,0.0,0.0
364,COG,0.0,0.0,0.0
365,COG,0.0,0.0,0.0
366,COL,0.0,0.0,0.0
367,COL,0.0,0.0,0.0
368,COL,0.0,0.0,0.0
369,COL,0.0,0.0,0.0
370,COO,334.07,284.01,463.59
371,COO,334.07,284.01,463.59
372,COO,334.07,284.01,463.59
373,COO,334.07,284.01,463.59
374,COST,537.21,406.51,612.27
375,COST,537.21,406.51,612.27
376,COST,537.21,406.51,612.27
377,COST,537.21,406.51,612.27
378,COTY,7.66,5.9,11.12
379,COTY,7.66,5.9,11.12
380,COTY,7.66,5.9,11.12
381,COTY,7.66,5.9,11.12
382,CPB,49.94,39.76,51.94
383,CPB,49.94,39.76,51.94
384,CPB,49.94,39.76,51.94
385,CPB,49.94,39.76,51.94
386,CRM,189.89,154.55,311.75
387,CRM,189.89,154.55,311.75
388,CRM,189.89,154.55,311.75
389,CRM,189.89,154.55,311.75
390,CSCO,46.61,40.82,64.29
391,CSCO,46.61,40.82,64.29
392,CSCO,46.61,40.82,64.29
393,CSCO,46.61,40.82,64.29
394,CSRA,0.0,0.0,0.0
395,CSRA,0.0,0.0,0.0
396,CSX,34.35,27.6,38.63
397,CSX,34.35,27.6,38.63
398,CSX,34.35,27.6,38.63
399,CSX,34.35,27.6,38.63
400,CTAS,434.24,343.86,461.44
401,CTAS,434.24,343.86,461.44
402,CTAS,434.24,343.86,461.44
403,CTAS,434.24,343.86,461.44
404,CTL,0.0,0.0,0.0
405,CTL,0.0,0.0,0.0
406,CTL,0.0,0.0,0.0
407,CTL,0.0,0.0,0.0
408,CTSH,69.78,63.26,93.47
409,CTSH,69.78,63.26,93.47
410,CTSH,69.78,63.26,93.47
411,CTSH,69.78,63.26,93.47
412,CTXS,102.89,78.07,115.0
413,CTXS,102.89,78.07,115.0
414,CTXS,102.89,78.07,115.0
415,CTXS,102.89,78.07,115.0
416,CVS,106.39,81.78,111.25
417,CVS,106.39,81.78,111.25
418,CVS,106.39,81.78,111.25
419,CVS,106.39,81.78,111.25
420,CVX,159.85,92.86,182.4
421,CVX,159.85,92.86,182.4
422,CVX,159.85,92.86,182.4
423,CVX,159.85,92.86,182.4
424,CXO,0.0,0.0,0.0
425,CXO,0.0,0.0,0.0
426,CXO,0.0,0.0,0.0
427,CXO,0.0,0.0,0.0
428,D,82.83,70.37,88.78
429,D,82.83,70.37,88.78
430,D,82.83,70.37,88.78
431,D,82.83,70.37,88.78
432,DAL,34.5,28.1,46.27
433,DAL,34.5,28.1,46.27
434,DAL,34.5,28.1,46.27
435,DAL,34.5,28.1,46.27
436,DD,62.7,52.57,85.16
437,DD,62.7,52.57,85.16
438,DD,62.7,52.57,85.16
439,DD,62.7,52.57,85.16
440,DE,368.16,283.81,446.76
441,DE,368.16,283.81,446.76
442,DE,368.16,283.81,446.76
443,DE,368.16,283.81,446.76
444,DFS,109.6,88.02,134.94
445,DFS,109.6,88.02,134.94
446,DFS,109.6,88.02,134.94
447,DFS,109.6,88.02,134.94
448,DG,253.3,183.25,262.21
449,DG,253.3,183.25,262.21
450,DG,253.3,183.25,262.21
451,DG,253.3,183.25,262.21
452,DGX,140.55,125.33,174.16
453,DGX,140.55,125.33,174.16
454,DGX,140.55,125.33,174.16
455,DGX,140.55,125.33,174.16
456,DHI,79.72,59.25,110.45
457,DHI,79.72,59.25,110.45
458,DHI,79.72,59.25,110.45
459,DHI,79.72,59.25,110.45
460,DHR,297.75,233.71,333.96
461,DHR,297.75,233.71,333.96
462,DHR,297.75,233.71,333.96
463,DHR,297.75,233.71,333.96
464,DIS,121.57,90.23,187.58
465,DIS,121.57,90.23,187.58
466,DIS,121.57,90.23,187.58
467,DIS,121.57,90.23,187.58
468,DISCA,0.0,0.0,0.0
469,DISCA,0.0,0.0,0.0
470,DISCA,0.0,0.0,0.0
471,DISCA,0.0,0.0,0.0
472,DISCK,0.0,0.0,0.0
473,DISCK,0.0,0.0,0.0
474,DISCK,0.0,0.0,0.0
475,DISCK,0.0,0.0,0.0
476,DLPH,0.0,0.0,0.0
477,DLPH,0.0,0.0,0.0
478,DLPH,0.0,0.0,0.0
479,DLPH,0.0,0.0,0.0
480,DLR,131.42,119.63,178.22
481,DLR,131.42,119.63,178.22
482,DLR,131.42,119.63,178.22
483,DLR,131.42,119.63,178.22
484,DLTR,166.76,84.26,177.19
485,DLTR,166.76,84.26,177.19
486,DLTR,166.76,84.26,177.19
487,DLTR,166.76,84.26,177.19
488,DNB,16.27,13.67,21.15
489,DNB,16.27,13.67,21.15
490,DNB,16.27,13.67,21.15
491,DNB,16.27,13.67,21.15
492,DOV,139.48,116.66,184.05
493,DOV,139.48,116.66,184.05
494,DOV,139.48,116.66,184.05
495,DOV,139.48,116.66,184.05
496,DPS,0.0,0.0,0.0
497,DPS,0.0,0.0,0.0
498,DPS,0.0,0.0,0.0
499,DPS,0.0,0.0,0.0
500,DRI,131.91,110.96,164.28
501,DRI,131.91,110.96,164.28
502,DRI,131.91,110.96,164.28
503,DRI,131.91,110.96,164.28
504,DUK,110.25,95.48,116.33
505,DUK,110.25,95.48,116.33
506,DUK,110.25,95.48,116.33
507,DUK,110.25,95.48,116.33
508,DVA,92.48,74.97,133.88
509,DVA,92.48,74.97,133.88
510,DVA,92.48,74.97,133.88
511,DVA,92.48,74.97,133.88
512,DVN,65.55,24.46,79.4
513,DVN,65.55,24.46,79.4
514,DVN,65.55,24.46,79.4
515,DVN,65.55,24.46,79.4
516,EA,131.37,109.24,147.76
517,EA,131.37,109.24,147.76
518,EA,131.37,109.24,147.76
519,EA,131.37,109.24,147.76
520,EBAY,49.44,40.52,81.19
521,EBAY,49.44,40.52,81.19
522,EBAY,49.44,40.52,81.19
523,EBAY,49.44,40.52,81.19
524,ECL,174.09,143.82,238.93
525,ECL,174.09,143.82,238.93
526,ECL,174.09,143.82,238.93
527,ECL,174.09,143.82,238.93
528,ED,99.11,71.52,101.12
529,ED,99.11,71.52,101.12
530,ED,99.11,71.52,101.12
531,ED,99.11,71.52,101.12
532,EFX,222.33,169.25,300.11
533,EFX,222.33,169.25,300.11
534,EFX,222.33,169.25,300.11
535,EFX,222.33,169.25,300.11
536,EIX,70.75,54.98,73.32
537,EIX,70.75,54.98,73.32
538,EIX,70.75,54.98,73.32
539,EIX,70.75,54.98,73.32
540,EL,275.38,225.39,374.2
541,EL,275.38,225.39,374.2
542,EL,275.38,225.39,374.2
543,EL,275.38,225.39,374.2
544,EMN,101.17,84.95,129.48
545,EMN,101.17,84.95,129.48
546,EMN,101.17,84.95,129.48
547,EMN,101.17,84.95,129.48
548,EMR,89.22,76.16,105.99
549,EMR,89.22,76.16,105.99
550,EMR,89.22,76.16,105.99
551,EMR,89.22,76.16,105.99
552,EOG,114.49,62.81,147.99
553,EOG,114.49,62.81,147.99
554,EOG,114.49,62.81,147.99
555,EOG,114.49,62.81,147.99
556,EQIX,704.56,606.12,885.26
557,EQIX,704.56,606.12,885.26
558,EQIX,704.56,606.12,885.26
559,EQIX,704.56,606.12,885.26
560,EQR,79.96,67.48,94.32
561,EQR,79.96,67.48,94.32
562,EQR,79.96,67.48,94.32
563,EQR,79.96,67.48,94.32
564,EQT,46.19,15.71,50.41
565,EQT,46.19,15.71,50.41
566,EQT,46.19,15.71,50.41
567,EQT,46.19,15.71,50.41
568,ES,93.11,77.07,94.63
569,ES,93.11,77.07,94.63
570,ES,93.11,77.07,94.63
571,ES,93.11,77.07,94.63
572,ESS,297.13,250.62,363.36
573,ESS,297.13,250.62,363.36
574,ESS,297.13,250.62,363.36
575,ESS,297.13,250.62,363.36
576,ETFC,0.0,0.0,0.0
577,ETFC,0.0,0.0,0.0
578,ETFC,0.0,0.0,0.0
579,ETFC,0.0,0.0,0.0
580,ETN,152.44,122.5,175.72
581,ETN,152.44,122.5,175.72
582,ETN,152.44,122.5,175.72
583,ETN,152.44,122.5,175.72
584,ETR,121.01,98.5,126.82
585,ETR,121.01,98.5,126.82
586,ETR,121.01,98.5,126.82
587,ETR,121.01,98.5,126.82
588,EW,104.8,85.58,131.73
589,EW,104.8,85.58,131.73
590,EW,104.8,85.58,131.73
591,EW,104.8,85.58,131.73
592,EXC,46.17,33.880173,50.71
593,EXC,46.17,33.880173,50.71
594,EXC,46.17,33.880173,50.71
595,EXC,46.17,33.880173,50.71
596,EXPD,107.16,92.58,137.8
597,EXPD,107.16,92.58,137.8
598,EXPD,107.16,92.58,137.8
599,EXPD,107.16,92.58,137.8
600,EXPE,113.51,88.7,217.72
601,EXPE,113.51,88.7,217.72
602,EXPE,113.51,88.7,217.72
603,EXPE,113.51,88.7,217.72
604,EXR,211.96,156.7,228.84
605,EXR,211.96,156.7,228.84
606,EXR,211.96,156.7,228.84
607,EXR,211.96,156.7,228.84
608,F,16.18,10.61,25.87
609,F,16.18,10.61,25.87
610,F,16.18,10.61,25.87
611,F,16.18,10.61,25.87
612,FAST,55.78,45.68,64.75
613,FAST,55.78,45.68,64.75
614,FAST,55.78,45.68,64.75
615,FAST,55.78,45.68,64.75
616,FB,0.0,0.0,0.0
617,FB,0.0,0.0,0.0
618,FB,0.0,0.0,0.0
619,FB,0.0,0.0,0.0
620,FBHS,69.49,56.86,109.23
621,FBHS,69.49,56.86,109.23
622,FBHS,69.49,56.86,109.23
623,FBHS,69.49,56.86,109.23
624,FCX,31.62,24.8,51.99
625,FCX,31.62,24.8,51.99
626,FCX,31.62,24.8,51.99
627,FCX,31.62,24.8,51.99
628,FDX,230.68,192.82,282.88
629,FDX,230.68,192.82,282.88
630,FDX,230.68,192.82,282.88
631,FDX,230.68,192.82,282.88
632,FE,40.83,35.32,48.85
633,FE,40.83,35.32,48.85
634,FE,40.83,35.32,48.85
635,FE,40.83,35.32,48.85
636,FFIV,172.65,142.43,249.0
637,FFIV,172.65,142.43,249.0
638,FFIV,172.65,142.43,249.0
639,FFIV,172.65,142.43,249.0
640,FIS,102.12,85.0,135.62
641,FIS,102.12,85.0,135.62
642,FIS,102.12,85.0,135.62
643,FIS,102.12,85.0,135.62
644,FISV,109.37,87.03,119.86
645,FISV,109.37,87.03,119.86
646,FISV,109.37,87.03,119.86
647,FISV,109.37,87.03,119.86
648,FL,31.52,23.85,61.5
649,FL,31.52,23.85,61.5
650,FL,31.52,23.85,61.5
651,FL,31.52,23.85,61.5
652,FLIR,0.0,0.0,0.0
653,FLIR,0.0,0.0,0.0
654,FLIR,0.0,0.0,0.0
655,FLIR,0.0,0.0,0.0
656,FLR,26.85,14.41,31.32
657,FLR,26.85,14.41,31.32
658,FLR,26.85,14.41,31.32
659,FLR,26.85,14.41,31.32
660,FLS,35.19,26.84,40.0
661,FLS,35.19,26.84,40.0
662,FLS,35.19,26.84,40.0
663,FLS,35.19,26.84,40.0
664,FMC,112.27,87.27,140.99
665,FMC,112.27,87.27,140.99
666,FMC,112.27,87.27,140.99
667,FMC,112.27,87.27,140.99
668,FRT,111.68,92.02,140.51
669,FRT,111.68,92.02,140.51
670,FRT,111.68,92.02,140.51
671,FRT,111.68,92.02,140.51
672,FSLR,117.965,59.6,123.13
673,FSLR,117.965,59.6,123.13
674,FSLR,117.965,59.6,123.13
675,FSLR,117.965,59.6,123.13
676,FTR,0.0,0.0,0.0
677,FTR,0.0,0.0,0.0
678,FTR,0.0,0.0,0.0
679,FTR,0.0,0.0,0.0
680,GD,237.95,188.64,254.99
681,GD,237.95,188.64,254.99
682,GD,237.95,188.64,254.99
683,GD,237.95,188.64,254.99
684,GGP,0.0,0.0,0.0
685,GGP,0.0,0.0,0.0
686,GGP,0.0,0.0,0.0
687,GGP,0.0,0.0,0.0
688,GILD,62.96,57.17,74.12
689,GILD,62.96,57.17,74.12
690,GILD,62.96,57.17,74.12
691,GILD,62.96,57.17,74.12
692,GIS,77.0,56.67,78.24
693,GIS,77.0,56.67,78.24
694,GIS,77.0,56.67,78.24
695,GIS,77.0,56.67,78.24
696,GLW,37.54,30.63,43.47
697,GLW,37.54,30.63,43.47
698,GLW,37.54,30.63,43.47
699,GLW,37.54,30.63,43.47
700,GM,39.48,30.33,67.21
701,GM,39.48,30.33,67.21
702,GM,39.48,30.33,67.21
703,GM,39.48,30.33,67.21
704,GPC,158.1,115.63,158.1
705,GPC,158.1,115.63,158.1
706,GPC,158.1,115.63,158.1
707,GPC,158.1,115.63,158.1
708,GPN,135.44,105.52,175.73
709,GPN,135.44,105.52,175.73
710,GPN,135.44,105.52,175.73
711,GPN,135.44,105.52,175.73
712,GPS,10.64,7.79,29.3
713,GPS,10.64,7.79,29.3
714,GPS,10.64,7.79,29.3
715,GPS,10.64,7.79,29.3
716,GRMN,100.07,92.31,178.81
717,GRMN,100.07,92.31,178.81
718,GRMN,100.07,92.31,178.81
719,GRMN,100.07,92.31,178.81
720,GT,15.19,10.33,24.89
721,GT,15.19,10.33,24.89
722,GT,15.19,10.33,24.89
723,GT,15.19,10.33,24.89
724,GWW,579.88,391.16,580.26
725,GWW,579.88,391.16,580.26
726,GWW,579.88,391.16,580.26
727,GWW,579.88,391.16,580.26
728,HAL,29.55,17.82,43.99
729,HAL,29.55,17.82,43.99
730,HAL,29.55,17.82,43.99
731,HAL,29.55,17.82,43.99
732,HAR,0.0,0.0,0.0
733,HAR,0.0,0.0,0.0
734,HAR,0.0,0.0,0.0
735,HAR,0.0,0.0,0.0
736,HAS,80.58,76.94,105.73
737,HAS,80.58,76.94,105.73
738,HAS,80.58,76.94,105.73
739,HAS,80.58,76.94,105.73
740,HBAN,14.35,11.67,17.79
741,HBAN,14.35,11.67,17.79
742,HBAN,14.35,11.67,17.79
743,HBAN,14.35,11.67,17.79
744,HBI,10.57,9.58,20.44
745,HBI,10.57,9.58,20.44
746,HBI,10.57,9.58,20.44
747,HBI,10.57,9.58,20.44
748,HCA,218.89,164.47,279.02
749,HCA,218.89,164.47,279.02
750,HCA,218.89,164.47,279.02
751,HCA,218.89,164.47,279.02
752,HCN,0.0,0.0,0.0
753,HCN,0.0,0.0,0.0
754,HCN,0.0,0.0,0.0
755,HCN,0.0,0.0,0.0
756,HCP,43.62,25.51,102.95
757,HCP,43.62,25.51,102.95
758,HCP,43.62,25.51,102.95
759,HCP,43.62,25.51,102.95
760,HD,314.89,264.51,420.61
761,HD,314.89,264.51,420.61
762,HD,314.89,264.51,420.61
763,HD,314.89,264.51,420.61
764,HES,113.72,61.93,131.44
765,HES,113.72,61.93,131.44
766,HES,113.72,61.93,131.44
767,HES,113.72,61.93,131.44
768,HIG,68.96,61.59,78.17
769,HIG,68.96,61.59,78.17
770,HIG,68.96,61.59,78.17
771,HIG,68.96,61.59,78.17
772,HOG,39.98,29.8,44.46
773,HOG,39.98,29.8,44.46
774,HOG,39.98,29.8,44.46
775,HOG,39.98,29.8,44.46
776,HOLX,72.99,66.58,81.04
777,HOLX,72.99,66.58,81.04
778,HOLX,72.99,66.58,81.04
779,HOLX,72.99,66.58,81.04
780,HON,200.87,167.35,233.8
781,HON,200.87,167.35,233.8
782,HON,200.87,167.35,233.8
783,HON,200.87,167.35,233.8
784,HP,44.28,20.93,54.59
785,HP,44.28,20.93,54.59
786,HP,44.28,20.93,54.59
787,HP,44.28,20.93,54.59
788,HPE,14.8,12.4,17.76
789,HPE,14.8,12.4,17.76
790,HPE,14.8,12.4,17.76
791,HPQ,34.65,26.11,41.47
792,HPQ,34.65,26.11,41.47
793,HPQ,34.65,26.11,41.47
794,HPQ,34.65,26.11,41.47
795,HRB,45.34,21.08,45.87
796,HRB,45.34,21.08,45.87
797,HRB,45.34,21.08,45.87
798,HRB,45.34,21.08,45.87
799,HRL,49.86,40.48,55.11
800,HRL,49.86,40.48,55.11
801,HRL,49.86,40.48,55.11
802,HRL,49.86,40.48,55.11
803,HRS,0.0,0.0,0.0
804,HRS,0.0,0.0,0.0
805,HRS,0.0,0.0,0.0
806,HRS,0.0,0.0,0.0
807,HSIC,77.52,70.25,92.68
808,HSIC,77.52,70.25,92.68
809,HSIC,77.52,70.25,92.68
810,HSIC,77.52,70.25,92.68
811,HST,19.53,14.67,21.63
812,HST,19.53,14.67,21.63
813,HST,19.53,14.67,21.63
814,HST,19.53,14.67,21.63
815,HSY,225.76,167.8,231.96
816,HSY,225.76,167.8,231.96
817,HSY,225.76,167.8,231.96
818,HSY,225.76,167.8,231.96
819,HUM,496.88,351.2,497.47
820,HUM,496.88,351.2,497.47
821,HUM,496.88,351.2,497.47
822,HUM,496.88,351.2,497.47
823,IBM,134.01,114.56,144.73
824,IBM,134.01,114.56,144.73
825,IBM,134.01,114.56,144.73
826,IBM,134.01,114.56,144.73
827,IDXX,396.43,318.5,695.18
828,IDXX,396.43,318.5,695.18
829,IDXX,396.43,318.5,695.18
830,IDXX,396.43,318.5,695.18
831,IFF,124.37,105.38,156.55
832,IFF,124.37,105.38,156.55
833,IFF,124.37,105.38,156.55
834,IFF,124.37,105.38,156.55
835,ILMN,208.325,173.45,526.0
836,ILMN,208.325,173.45,526.0
837,ILMN,208.325,173.45,526.0
838,ILMN,208.325,173.45,526.0
839,INTC,36.11,34.4,56.28
840,INTC,36.11,34.4,56.28
841,INTC,36.11,34.4,56.28
842,INTC,36.11,34.4,56.28
843,INTU,486.66,339.36,716.86
844,INTU,486.66,339.36,716.86
845,INTU,486.66,339.36,716.86
846,INTU,486.66,339.36,716.86
847,IP,44.51,40.21,57.1875
848,IP,44.51,40.21,57.1875
849,IP,44.51,40.21,57.1875
850,IP,44.51,40.21,57.1875
851,IPG,30.34,26.36,39.98
852,IPG,30.34,26.36,39.98
853,IPG,30.34,26.36,39.98
854,IPG,30.34,26.36,39.98
855,IRM,54.03,41.67,58.61
856,IRM,54.03,41.67,58.61
857,IRM,54.03,41.67,58.61
858,IRM,54.03,41.67,58.61
859,ISRG,238.37,186.83,369.69
860,ISRG,238.37,186.83,369.69
861,ISRG,238.37,186.83,369.69
862,ISRG,238.37,186.83,369.69
863,ITW,217.46,173.52,249.81
864,ITW,217.46,173.52,249.81
865,ITW,217.46,173.52,249.81
866,ITW,217.46,173.52,249.81
867,IVZ,19.07,15.2,27.03
868,IVZ,19.07,15.2,27.03
869,IVZ,19.07,15.2,27.03
870,IVZ,19.07,15.2,27.03
871,JBHT,195.13,153.92,218.18
872,JBHT,195.13,153.92,218.18
873,JBHT,195.13,153.92,218.18
874,JBHT,195.13,153.92,218.18
875,JEC,0.0,0.0,0.0
876,JEC,0.0,0.0,0.0
877,JEC,0.0,0.0,0.0
878,JEC,0.0,0.0,0.0
879,JNPR,28.91,26.2,38.14
880,JNPR,28.91,26.2,38.14
881,JNPR,28.91,26.2,38.14
882,JNPR,28.91,26.2,38.14
883,JPM,122.13,106.06,172.96
884,JPM,122.13,106.06,172.96
885,JPM,122.13,106.06,172.96
886,JPM,122.13,106.06,172.96
887,JWN,24.37,18.65,38.14
888,JWN,24.37,18.65,38.14
889,JWN,24.37,18.65,38.14
890,JWN,24.37,18.65,38.14
891,K,75.62,59.54,76.5
892,K,75.62,59.54,76.5
893,K,75.62,59.54,76.5
894,K,75.62,59.54,76.5
895,KEY,19.41,16.41,27.17
896,KEY,19.41,16.41,27.17
897,KEY,19.41,16.41,27.17
898,KEY,19.41,16.41,27.17
899,KIM,23.35,18.52,26.57
900,KIM,23.35,18.52,26.57
901,KIM,23.35,18.52,26.57
902,KIM,23.35,18.52,26.57
903,KLAC,381.2,282.83,457.12
904,KLAC,381.2,282.83,457.12
905,KLAC,381.2,282.83,457.12
906,KLAC,381.2,282.83,457.12
907,KMB,135.48,117.32,145.79
908,KMB,135.48,117.32,145.79
909,KMB,135.48,117.32,145.79
910,KMB,135.48,117.32,145.79
911,KMI,18.69,15.01,20.2
912,KMI,18.69,15.01,20.2
913,KMI,18.69,15.01,20.2
914,KMI,18.69,15.01,20.2
915,KMX,101.59,84.37,155.98
916,KMX,101.59,84.37,155.98
917,KMX,101.59,84.37,155.98
918,KMX,101.59,84.37,155.98
919,KO,63.7,52.28,67.2
920,KO,63.7,52.28,67.2
921,KO,63.7,52.28,67.2
922,KO,63.7,52.28,67.2
923,KORS,0.0,0.0,0.0
924,KORS,0.0,0.0,0.0
925,KORS,0.0,0.0,0.0
926,KORS,0.0,0.0,0.0
927,KR,47.21,38.22,62.78
928,KR,47.21,38.22,62.78
929,KR,47.21,38.22,62.78
930,KR,47.21,38.22,62.78
931,KSS,33.18,26.07,64.38
932,KSS,33.18,26.07,64.38
933,KSS,33.18,26.07,64.38
934,KSS,33.18,26.07,64.38
935,KSU,0.0,0.0,0.0
936,KSU,0.0,0.0,0.0
937,KSU,0.0,0.0,0.0
938,KSU,0.0,0.0,0.0
939,LB,0.0,0.0,0.0
940,LB,0.0,0.0,0.0
941,LB,0.0,0.0,0.0
942,LB,0.0,0.0,0.0
943,LEG,41.49,33.19,49.92
944,LEG,41.49,33.19,49.92
945,LEG,41.49,33.19,49.92
946,LEG,41.49,33.19,49.92
947,LEN,88.27,62.54,117.54
948,LEN,88.27,62.54,117.54
949,LEN,88.27,62.54,117.54
950,LEN,88.27,62.54,117.54
951,LH,259.42,212.4,317.17
952,LH,259.42,212.4,317.17
953,LH,259.42,212.4,317.17
954,LH,259.42,212.4,317.17
955,LKQ,56.22,42.36,60.43
956,LKQ,56.22,42.36,60.43
957,LKQ,56.22,42.36,60.43
958,LKQ,56.22,42.36,60.43
959,LLL,1.39,1.11,7.16
960,LLL,1.39,1.11,7.16
961,LLL,1.39,1.11,7.16
962,LLL,1.39,1.11,7.16
963,LLTC,0.0,0.0,0.0
964,LLTC,0.0,0.0,0.0
965,LLTC,0.0,0.0,0.0
966,LLTC,0.0,0.0,0.0
967,LLY,308.08,220.2,335.33
968,LLY,308.08,220.2,335.33
969,LLY,308.08,220.2,335.33
970,LLY,308.08,220.2,335.33
971,LMT,434.24,324.23,479.99
972,LMT,434.24,324.23,479.99
973,LMT,434.24,324.23,479.99
974,LMT,434.24,324.23,479.99
975,LNT,63.35,54.2,65.37
976,LNT,63.35,54.2,65.37
977,LNT,63.35,54.2,65.37
978,LNT,63.35,54.2,65.37
979,LOW,206.47,170.12,263.31
980,LOW,206.47,170.12,263.31
981,LOW,206.47,170.12,263.31
982,LOW,206.47,170.12,263.31
983,LRCX,518.59,375.87,731.85
984,LRCX,518.59,375.87,731.85
985,LRCX,518.59,375.87,731.85
986,LRCX,518.59,375.87,731.85
987,LUK,0.0,0.0,0.0
988,LUK,0.0,0.0,0.0
989,LUK,0.0,0.0,0.0
990,LUK,0.0,0.0,0.0
991,LUV,39.46,34.36,56.33
992,LUV,39.46,34.36,56.33
993,LUV,39.46,34.36,56.33
994,LUV,39.46,34.36,56.33
995,LVLT,0.0,0.0,0.0
996,LVLT,0.0,0.0,0.0
997,LVLT,0.0,0.0,0.0
998,LVLT,0.0,0.0,0.0
999,LYB,92.33,82.14,117.22
1000,LYB,92.33,82.14,117.22
1001,LYB,92.33,82.14,117.22
1002,LYB,92.33,82.14,117.22
1003,M,19.96,15.85,37.95
1004,M,19.96,15.85,37.95
1005,M,19.96,15.85,37.95
1006,M,19.96,15.85,37.95
1007,MA,354.27,303.65,399.92
1008,MA,354.27,303.65,399.92
1009,MA,354.27,303.65,399.92
1010,MA,354.27,303.65,399.92
1011,MAA,187.79,158.85,231.63
1012,MAA,187.79,158.85,231.63
1013,MAA,187.79,158.85,231.63
1014,MAA,187.79,158.85,231.63
1015,MAC,11.5,8.42,22.88
1016,MAC,11.5,8.42,22.88
1017,MAC,11.5,8.42,22.88
1018,MAC,11.5,8.42,22.88
1019,MAR,164.07,127.58,195.9
1020,MAR,164.07,127.58,195.9
1021,MAR,164.07,127.58,195.9
1022,MAR,164.07,127.58,195.9
1023,MAS,55.58,46.27,71.06
1024,MAS,55.58,46.27,71.06
1025,MAS,55.58,46.27,71.06
1026,MAS,55.58,46.27,71.06
1027,MAT,23.54,17.95,26.99
1028,MAT,23.54,17.95,26.99
1029,MAT,23.54,17.95,26.99
1030,MAT,23.54,17.95,26.99
1031,MCD,262.18,217.68,271.15
1032,MCD,262.18,217.68,271.15
1033,MCD,262.18,217.68,271.15
1034,MCD,262.18,217.68,271.15
1035,MCHP,73.71,54.33,90.0
1036,MCHP,73.71,54.33,90.0
1037,MCHP,73.71,54.33,90.0
1038,MCHP,73.71,54.33,90.0
1039,MCK,365.2,193.89,365.4
1040,MCK,365.2,193.89,365.4
1041,MCK,365.2,193.89,365.4
1042,MCK,365.2,193.89,365.4
1043,MCO,322.97,251.01,407.94
1044,MCO,322.97,251.01,407.94
1045,MCO,322.97,251.01,407.94
1046,MCO,322.97,251.01,407.94
1047,MDLZ,64.2,57.63,69.47
1048,MDLZ,64.2,57.63,69.47
1049,MDLZ,64.2,57.63,69.47
1050,MDLZ,64.2,57.63,69.47
1051,MET,67.81,57.05,73.18
1052,MET,67.81,57.05,73.18
1053,MET,67.81,57.05,73.18
1054,MET,67.81,57.05,73.18
1055,MHK,127.0,114.96,209.25
1056,MHK,127.0,114.96,209.25
1057,MHK,127.0,114.96,209.25
1058,MHK,127.0,114.96,209.25
1059,MJN,0.0,0.0,0.0
1060,MJN,0.0,0.0,0.0
1061,MJN,0.0,0.0,0.0
1062,MJN,0.0,0.0,0.0
1063,MKC,90.67,77.85,107.35
1064,MKC,90.67,77.85,107.35
1065,MKC,90.67,77.85,107.35
1066,MKC,90.67,77.85,107.35
1067,MLM,370.1,284.99,446.46
1068,MLM,370.1,284.99,446.46
1069,MLM,370.1,284.99,446.46
1070,MLM,370.1,284.99,446.46
1071,MMC,172.72,142.8,183.14
1072,MMC,172.72,142.8,183.14
1073,MMC,172.72,142.8,183.14
1074,MMC,172.72,142.8,183.14
1075,MMM,152.24,125.6,202.77
1076,MMM,152.24,125.6,202.77
1077,MMM,152.24,125.6,202.77
1078,MMM,152.24,125.6,202.77
1079,MNST,90.02,71.78,99.81
1080,MNST,90.02,71.78,99.81
1081,MNST,90.02,71.78,99.81
1082,MNST,90.02,71.78,99.81
1083,MO,45.15,41.0,57.05
1084,MO,45.15,41.0,57.05
1085,MO,45.15,41.0,57.05
1086,MO,45.15,41.0,57.05
1087,MON,9.89,9.64,9.95
1088,MON,9.89,9.64,9.95
1089,MON,9.89,9.64,9.95
1090,MON,9.89,9.64,9.95
1091,MOS,54.85,29.14,79.28
1092,MOS,54.85,29.14,79.28
1093,MOS,54.85,29.14,79.28
1094,MOS,54.85,29.14,79.28
1095,MPC,97.47,53.47,114.35
1096,MPC,97.47,53.47,114.35
1097,MPC,97.47,53.47,114.35
1098,MPC,97.47,53.47,114.35
1099,MRK,91.02,70.89,95.72
1100,MRK,91.02,70.89,95.72
1101,MRK,91.02,70.89,95.72
1102,MRK,91.02,70.89,95.72
1103,MRO,24.06,10.41,33.24
1104,MRO,24.06,10.41,33.24
1105,MRO,24.06,10.41,33.24
1106,MRO,24.06,10.41,33.24
1107,MSFT,291.91,241.51,349.67
1108,MSFT,291.91,241.51,349.67
1109,MSFT,291.91,241.51,349.67
1110,MSFT,291.91,241.51,349.67
1111,MTB,189.82,131.42,189.88
1112,MTB,189.82,131.42,189.88
1113,MTB,189.82,131.42,189.88
1114,MTB,189.82,131.42,189.88
1115,MTD,1364.1,1082.78,1714.75
1116,MTD,1364.1,1082.78,1714.75
1117,MTD,1364.1,1082.78,1714.75
1118,MTD,1364.1,1082.78,1714.75
1119,MU,65.04,51.4,98.45
1120,MU,65.04,51.4,98.45
1121,MU,65.04,51.4,98.45
1122,MU,65.04,51.4,98.45
1123,MUR,35.23,18.84,45.79
1124,MUR,35.23,18.84,45.79
1125,MUR,35.23,18.84,45.79
1126,MUR,35.23,18.84,45.79
1127,MYL,0.0,0.0,0.0
1128,MYL,0.0,0.0,0.0
1129,NAVI,16.87,12.45,23.8
1130,NAVI,16.87,12.45,23.8
1131,NAVI,16.87,12.45,23.8
1132,NBL,0.0,0.0,0.0
1133,NBL,0.0,0.0,0.0
1134,NBL,0.0,0.0,0.0
1135,NBL,0.0,0.0,0.0
1136,NDAQ,190.42,140.31,214.96
1137,NDAQ,190.42,140.31,214.96
1138,NDAQ,190.42,140.31,214.96
1139,NDAQ,190.42,140.31,214.96
1140,NEE,90.47,67.22,93.73
1141,NEE,90.47,67.22,93.73
1142,NEE,90.47,67.22,93.73
1143,NEE,90.47,67.22,93.73
1144,NEM,46.55,43.9,86.37
1145,NEM,46.55,43.9,86.37
1146,NEM,46.55,43.9,86.37
1147,NEM,46.55,43.9,86.37
1148,NFLX,249.3,162.71,700.99
1149,NFLX,249.3,162.71,700.99
1150,NFLX,249.3,162.71,700.99
1151,NFLX,249.3,162.71,700.99
1152,NFX,0.0,0.0,0.0
1153,NFX,0.0,0.0,0.0
1154,NFX,0.0,0.0,0.0
1155,NFX,0.0,0.0,0.0
1156,NKE,116.07,99.53,179.1
1157,NKE,116.07,99.53,179.1
1158,NKE,116.07,99.53,179.1
1159,NKE,116.07,99.53,179.1
1160,NLSN,27.58,16.02,27.79
1161,NLSN,27.58,16.02,27.79
1162,NLSN,27.58,16.02,27.79
1163,NLSN,27.58,16.02,27.79
1164,NOV,18.62,11.46,24.06
1165,NOV,18.62,11.46,24.06
1166,NOV,18.62,11.46,24.06
1167,NOV,18.62,11.46,24.06
1168,NSC,261.84,217.0,299.2
1169,NSC,261.84,217.0,299.2
1170,NSC,261.84,217.0,299.2
1171,NSC,261.84,217.0,299.2
1172,NTAP,74.93,61.26,96.82
1173,NTAP,74.93,61.26,96.82
1174,NTAP,74.93,61.26,96.82
1175,NTAP,74.93,61.26,96.82
1176,NTRS,104.05,89.68,135.15
1177,NTRS,104.05,89.68,135.15
1178,NTRS,104.05,89.68,135.15
1179,NTRS,104.05,89.68,135.15
1180,NUE,142.89,88.5,187.9
1181,NUE,142.89,88.5,187.9
1182,NUE,142.89,88.5,187.9
1183,NUE,142.89,88.5,187.9
1184,NVDA,187.09,140.55,346.47
1185,NVDA,187.09,140.55,346.47
1186,NVDA,187.09,140.55,346.47
1187,NVDA,187.09,140.55,346.47
1188,NWL,21.08,17.4,26.45
1189,NWL,21.08,17.4,26.45
1190,NWL,21.08,17.4,26.45
1191,NWL,21.08,17.4,26.45
1192,NWS,19.07,15.18,24.75
1193,NWS,19.07,15.18,24.75
1194,NWS,19.07,15.18,24.75
1195,NWS,19.07,15.18,24.75
1196,NWSA,18.83,14.95,25.87
1197,NWSA,18.83,14.95,25.87
1198,NWSA,18.83,14.95,25.87
1199,NWSA,18.83,14.95,25.87
1200,O,74.67,62.29,75.4
1201,O,74.67,62.29,75.4
1202,O,74.67,62.29,75.4
1203,O,74.67,62.29,75.4
1204,OKE,64.35,48.51,75.07
1205,OKE,64.35,48.51,75.07
1206,OKE,64.35,48.51,75.07
1207,OKE,64.35,48.51,75.07
1208,OMC,72.55,61.31,91.61
1209,OMC,72.55,61.31,91.61
1210,OMC,72.55,61.31,91.61
1211,OMC,72.55,61.31,91.61
1212,ORLY,731.59,562.9,748.68
1213,ORLY,731.59,562.9,748.68
1214,ORLY,731.59,562.9,748.68
1215,ORLY,731.59,562.9,748.68
1216,OXY,65.73,21.62,74.04
1217,OXY,65.73,21.62,74.04
1218,OXY,65.73,21.62,74.04
1219,OXY,65.73,21.62,74.04
1220,PAYX,135.61,106.55,141.92
1221,PAYX,135.61,106.55,141.92
1222,PAYX,135.61,106.55,141.92
1223,PAYX,135.61,106.55,141.92
1224,PBCT,0.0,0.0,0.0
1225,PBCT,0.0,0.0,0.0
1226,PBCT,0.0,0.0,0.0
1227,PBCT,0.0,0.0,0.0
1228,PBI,3.45,3.13,8.2
1229,PBI,3.45,3.13,8.2
1230,PBI,3.45,3.13,8.2
1231,PBI,3.45,3.13,8.2
1232,PCAR,93.73,77.0,97.56
1233,PCAR,93.73,77.0,97.56
1234,PCAR,93.73,77.0,97.56
1235,PCAR,93.73,77.0,97.56
1236,PCG,12.13,8.75,13.19
1237,PCG,12.13,8.75,13.19
1238,PCG,12.13,8.75,13.19
1239,PCG,12.13,8.75,13.19
1240,PCLN,0.0,0.0,0.0
1241,PCLN,0.0,0.0,0.0
1242,PCLN,0.0,0.0,0.0
1243,PCLN,0.0,0.0,0.0
1244,PDCO,31.37,26.51,35.29
1245,PDCO,31.37,26.51,35.29
1246,PDCO,31.37,26.51,35.29
1247,PDCO,31.37,26.51,35.29
1248,PEG,67.61,58.19,75.61
1249,PEG,67.61,58.19,75.61
1250,PEG,67.61,58.19,75.61
1251,PEG,67.61,58.19,75.61
1252,PEP,177.33,149.48,177.69
1253,PEP,177.33,149.48,177.69
1254,PEP,177.33,149.48,177.69
1255,PEP,177.33,149.48,177.69
1256,PFE,50.11,40.94,61.71
1257,PFE,50.11,40.94,61.71
1258,PFE,50.11,40.94,61.71
1259,PFE,50.11,40.94,61.71
1260,PFG,79.51,60.97,80.36
1261,PFG,79.51,60.97,80.36
1262,PFG,79.51,60.97,80.36
1263,PFG,79.51,60.97,80.36
1264,PG,146.67,129.5,165.35
1265,PG,146.67,129.5,165.35
1266,PG,146.67,129.5,165.35
1267,PG,146.67,129.5,165.35
1268,PGR,121.77,89.35,122.24
1269,PGR,121.77,89.35,122.24
1270,PGR,121.77,89.35,122.24
1271,PGR,121.77,89.35,122.24
1272,PH,308.0,230.44,340.0
1273,PH,308.0,230.44,340.0
1274,PH,308.0,230.44,340.0
1275,PH,308.0,230.44,340.0
1276,PHM,44.95,35.03,58.09
1277,PHM,44.95,35.03,58.09
1278,PHM,44.95,35.03,58.09
1279,PHM,44.95,35.03,58.09
1280,PKI,157.91,130.65,203.16
1281,PKI,157.91,130.65,203.16
1282,PKI,157.91,130.65,203.16
1283,PKI,157.91,130.65,203.16
1284,PM,99.24,85.64,112.48
1285,PM,99.24,85.64,112.48
1286,PM,99.24,85.64,112.48
1287,PM,99.24,85.64,112.48
1288,PNC,174.63,146.39,228.14
1289,PNC,174.63,146.39,228.14
1290,PNC,174.63,146.39,228.14
1291,PNC,174.63,146.39,228.14
1292,PNR,50.69,43.6,80.4
1293,PNR,50.69,43.6,80.4
1294,PNR,50.69,43.6,80.4
1295,PNR,50.69,43.6,80.4
1296,PNW,77.32,62.78,81.25
1297,PNW,77.32,62.78,81.25
1298,PNW,77.32,62.78,81.25
1299,PNW,77.32,62.78,81.25
1300,PPG,135.55,107.06,177.32
1301,PPG,135.55,107.06,177.32
1302,PPG,135.55,107.06,177.32
1303,PPG,135.55,107.06,177.32
1304,PPL,30.29,24.98,30.72
1305,PPL,30.29,24.98,30.72
1306,PPL,30.29,24.98,30.72
1307,PPL,30.29,24.98,30.72
1308,PRU,105.49,89.73,124.22
1309,PRU,105.49,89.73,124.22
1310,PRU,105.49,89.73,124.22
1311,PRU,105.49,89.73,124.22
1312,PSX,90.0,63.19,111.28
1313,PSX,90.0,63.19,111.28
1314,PSX,90.0,63.19,111.28
1315,PSX,90.0,63.19,111.28
1316,PVH,68.97,54.57,125.42
1317,PVH,68.97,54.57,125.42
1318,PVH,68.97,54.57,125.42
1319,PVH,68.97,54.57,125.42
1320,PWR,143.46,92.86,146.84
1321,PWR,143.46,92.86,146.84
1322,PWR,143.46,92.86,146.84
1323,PWR,143.46,92.86,146.84
1324,PX,13.4,10.09,15.297
1325,PX,13.4,10.09,15.297
1326,PX,13.4,10.09,15.297
1327,PX,13.4,10.09,15.297
1328,PYPL,101.1,67.58,296.7
1329,PYPL,101.1,67.58,296.7
1330,PYPL,101.1,67.58,296.7
1331,QCOM,151.29,118.23,193.58
1332,QCOM,151.29,118.23,193.58
1333,QCOM,151.29,118.23,193.58
1334,QCOM,151.29,118.23,193.58
1335,QRVO,111.07,90.16,192.92
1336,QRVO,111.07,90.16,192.92
1337,QRVO,111.07,90.16,192.92
1338,R,83.0,61.71,93.05
1339,R,83.0,61.71,93.05
1340,R,83.0,61.71,93.05
1341,R,83.0,61.71,93.05
1342,RCL,42.37,31.09,98.27
1343,RCL,42.37,31.09,98.27
1344,RCL,42.37,31.09,98.27
1345,RCL,42.37,31.09,98.27
1346,REGN,628.71,538.01,747.42
1347,REGN,628.71,538.01,747.42
1348,REGN,628.71,538.01,747.42
1349,REGN,628.71,538.01,747.42
1350,RHI,82.32,73.1,125.77
1351,RHI,82.32,73.1,125.77
1352,RHI,82.32,73.1,125.77
1353,RHI,82.32,73.1,125.77
1354,RHT,0.0,0.0,0.0
1355,RHT,0.0,0.0,0.0
1356,RHT,0.0,0.0,0.0
1357,RHT,0.0,0.0,0.0
1358,RL,98.84,86.54,135.99
1359,RL,98.84,86.54,135.99
1360,RL,98.84,86.54,135.99
1361,RL,98.84,86.54,135.99
1362,ROK,257.76,190.08,354.99
1363,ROK,257.76,190.08,354.99
1364,ROK,257.76,190.08,354.99
1365,ROK,257.76,190.08,354.99
1366,ROP,439.1,369.51,505.0
1367,ROP,439.1,369.51,505.0
1368,ROP,439.1,369.51,505.0
1369,ROP,439.1,369.51,505.0
1370,ROST,90.12,69.24,126.86
1371,ROST,90.12,69.24,126.86
1372,ROST,90.12,69.24,126.86
1373,ROST,90.12,69.24,126.86
1374,RRC,34.11,12.37,37.44
1375,RRC,34.11,12.37,37.44
1376,RRC,34.11,12.37,37.44
1377,RRC,34.11,12.37,37.44
1378,RSG,144.71,113.57,145.98
1379,RSG,144.71,113.57,145.98
1380,RSG,144.71,113.57,145.98
1381,RSG,144.71,113.57,145.98
1382,SBUX,88.31,68.39,120.76
1383,SBUX,88.31,68.39,120.76
1384,SBUX,88.31,68.39,120.76
1385,SBUX,88.31,68.39,120.76
1386,SCG,0.0,0.002,0.05
1387,SCG,0.0,0.002,0.05
1388,SCG,0.0,0.002,0.05
1389,SCG,0.0,0.002,0.05
1390,SCHW,75.0,59.35,96.24
1391,SCHW,75.0,59.35,96.24
1392,SCHW,75.0,59.35,96.24
1393,SCHW,75.0,59.35,96.24
1394,SE,88.71,54.06,372.7
1395,SE,88.71,54.06,372.7
1396,SE,88.71,54.06,372.7
1397,SE,88.71,54.06,372.7
1398,SEE,58.66,54.51,70.72
1399,SEE,58.66,54.51,70.72
1400,SEE,58.66,54.51,70.72
1401,SEE,58.66,54.51,70.72
1402,SHW,251.61,214.22,354.15
1403,SHW,251.61,214.22,354.15
1404,SHW,251.61,214.22,354.15
1405,SHW,251.61,214.22,354.15
1406,SIG,67.82,48.31,111.92
1407,SIG,67.82,48.31,111.92
1408,SIG,67.82,48.31,111.92
1409,SIG,67.82,48.31,111.92
1410,SJM,133.79,118.55,146.74
1411,SJM,133.79,118.55,146.74
1412,SJM,133.79,118.55,146.74
1413,SJM,133.79,118.55,146.74
1414,SLG,50.77,43.93,85.175255
1415,SLG,50.77,43.93,85.175255
1416,SLG,50.77,43.93,85.175255
1417,SLG,50.77,43.93,85.175255
1418,SNA,231.36,190.08,235.36
1419,SNA,231.36,190.08,235.36
1420,SNA,231.36,190.08,235.36
1421,SNA,231.36,190.08,235.36
1422,SNI,0.0,0.0,0.0
1423,SNI,0.0,0.0,0.0
1424,SNI,0.0,0.0,0.0
1425,SNI,0.0,0.0,0.0
1426,SO,78.12,60.99,78.82
1427,SO,78.12,60.99,78.82
1428,SO,78.12,60.99,78.82
1429,SO,78.12,60.99,78.82
1430,SPG,115.85,93.06,171.12
1431,SPG,115.85,93.06,171.12
1432,SPG,115.85,93.06,171.12
1433,SPG,115.85,93.06,171.12
1434,SPGI,391.92,311.87,484.21
1435,SPGI,391.92,311.87,484.21
1436,SPGI,391.92,311.87,484.21
1437,SPGI,391.92,311.87,484.21
1438,SPLS,0.0,0.0,0.0
1439,SPLS,0.0,0.0,0.0
1440,SPLS,0.0,0.0,0.0
1441,SPLS,0.0,0.0,0.0
1442,SRCL,53.43,40.35,72.11
1443,SRCL,53.43,40.35,72.11
1444,SRCL,53.43,40.35,72.11
1445,SRCL,53.43,40.35,72.11
1446,SRE,166.37,119.56,173.28
1447,SRE,166.37,119.56,173.28
1448,SRE,166.37,119.56,173.28
1449,SRE,166.37,119.56,173.28
1450,STI,0.0,0.0,0.0
1451,STI,0.0,0.0,0.0
1452,STI,0.0,0.0,0.0
1453,STI,0.0,0.0,0.0
1454,STT,74.93,58.8,104.87
1455,STT,74.93,58.8,104.87
1456,STT,74.93,58.8,104.87
1457,STT,74.93,58.8,104.87
1458,STX,83.43,67.36,117.67
1459,STX,83.43,67.36,117.67
1460,STX,83.43,67.36,117.67
1461,STX,83.43,67.36,117.67
1462,STZ,243.73,207.35,261.52
1463,STZ,243.73,207.35,261.52
1464,STZ,243.73,207.35,261.52
1465,STZ,243.73,207.35,261.52
1466,SWK,99.86,91.51,200.65
1467,SWK,99.86,91.51,200.65
1468,SWK,99.86,91.51,200.65
1469,SWK,99.86,91.51,200.65
1470,SWKS,113.41,88.76,186.87
1471,SWKS,113.41,88.76,186.87
1472,SWKS,113.41,88.76,186.87
1473,SWKS,113.41,88.76,186.87
1474,SWN,7.51,3.81,9.87
1475,SWN,7.51,3.81,9.87
1476,SWN,7.51,3.81,9.87
1477,SWN,7.51,3.81,9.87
1478,SYF,36.14,27.215,52.49
1479,SYF,36.14,27.215,52.49
1480,SYF,36.14,27.215,52.49
1481,SYF,36.14,27.215,52.49
1482,SYK,223.12,188.84,281.16
1483,SYK,223.12,188.84,281.16
1484,SYK,223.12,188.84,281.16
1485,SYK,223.12,188.84,281.16
1486,SYMC,0.0,0.0,0.0
1487,SYMC,0.0,0.0,0.0
1488,SYMC,0.0,0.0,0.0
1489,SYMC,0.0,0.0,0.0
1490,SYY,84.77,68.05,91.53
1491,SYY,84.77,68.05,91.53
1492,SYY,84.77,68.05,91.53
1493,SYY,84.77,68.05,91.53
1494,T,18.27,16.63142,21.53
1495,T,18.27,16.63142,21.53
1496,T,18.27,16.63142,21.53
1497,T,18.27,16.63142,21.53
1498,TAP,56.71,42.46,60.12
1499,TAP,56.71,42.46,60.12
1500,TAP,56.71,42.46,60.12
1501,TAP,56.71,42.46,60.12
1502,TDC,35.73,33.38,59.38
1503,TDC,35.73,33.38,59.38
1504,TDC,35.73,33.38,59.38
1505,TDC,35.73,33.38,59.38
1506,TDG,676.6,500.08,686.06
1507,TDG,676.6,500.08,686.06
1508,TDG,676.6,500.08,686.06
1509,TDG,676.6,500.08,686.06
1510,TEL,137.31,107.12,166.44
1511,TEL,137.31,107.12,166.44
1512,TEL,137.31,107.12,166.44
1513,TEL,137.31,107.12,166.44
1514,TGNA,21.61,16.42,23.04
1515,TGNA,21.61,16.42,23.04
1516,TGNA,21.61,16.42,23.04
1517,TGNA,21.61,16.42,23.04
1518,TGT,172.48,137.16,268.98
1519,TGT,172.48,137.16,268.98
1520,TGT,172.48,137.16,268.98
1521,TGT,172.48,137.16,268.98
1522,TIF,0.0,0.0,0.0
1523,TIF,0.0,0.0,0.0
1524,TIF,0.0,0.0,0.0
1525,TIF,0.0,0.0,0.0
1526,TJX,65.47,53.69,77.35
1527,TJX,65.47,53.69,77.35
1528,TJX,65.47,53.69,77.35
1529,TJX,65.47,53.69,77.35
1530,TMK,0.0,0.0,0.0
1531,TMK,0.0,0.0,0.0
1532,TMK,0.0,0.0,0.0
1533,TMK,0.0,0.0,0.0
1534,TMO,603.21,497.83,672.34
1535,TMO,603.21,497.83,672.34
1536,TMO,603.21,497.83,672.34
1537,TMO,603.21,497.83,672.34
1538,TRIP,27.34,16.87,39.04
1539,TRIP,27.34,16.87,39.04
1540,TRIP,27.34,16.87,39.04
1541,TRIP,27.34,16.87,39.04
1542,TRV,171.56,145.4,187.98
1543,TRV,171.56,145.4,187.98
1544,TRV,171.56,145.4,187.98
1545,TRV,171.56,145.4,187.98
1546,TSCO,196.93,166.49,241.54
1547,TSCO,196.93,166.49,241.54
1548,TSCO,196.93,166.49,241.54
1549,TSCO,196.93,166.49,241.54
1550,TSN,81.79,74.43,100.72
1551,TSN,81.79,74.43,100.72
1552,TSN,81.79,74.43,100.72
1553,TSN,81.79,74.43,100.72
1554,TSO,0.0,0.0,0.0
1555,TSO,0.0,0.0,0.0
1556,TSO,0.0,0.0,0.0
1557,TSO,0.0,0.0,0.0
1558,TSS,0.0,0.0,0.0
1559,TSS,0.0,0.0,0.0
1560,TSS,0.0,0.0,0.0
1561,TSS,0.0,0.0,0.0
1562,TXN,185.38,144.46,202.26
1563,TXN,185.38,144.46,202.26
1564,TXN,185.38,144.46,202.26
1565,TXN,185.38,144.46,202.26
1566,TXT,68.08,57.11,79.45
1567,TXT,68.08,57.11,79.45
1568,TXT,68.08,57.11,79.45
1569,TXT,68.08,57.11,79.45
1570,UA,9.05,7.22,22.995
1571,UA,9.05,7.22,22.995
1572,UA,9.05,7.22,22.995
1573,UA,9.05,7.22,22.995
1574,UAA,10.03,8.1,27.28
1575,UAA,10.03,8.1,27.28
1576,UAA,10.03,8.1,27.28
1577,UAA,10.03,8.1,27.28
1578,UAL,39.34,30.54,54.52
1579,UAL,39.34,30.54,54.52
1580,UAL,39.34,30.54,54.52
1581,UAL,39.34,30.54,54.52
1582,UDR,50.13,42.0,61.06
1583,UDR,50.13,42.0,61.06
1584,UDR,50.13,42.0,61.06
1585,UDR,50.13,42.0,61.06
1586,UHS,111.96,98.63,158.28
1587,UHS,111.96,98.63,158.28
1588,UHS,111.96,98.63,158.28
1589,UHS,111.96,98.63,158.28
1590,ULTA,395.47,330.8,438.63
1591,ULTA,395.47,330.8,438.63
1592,ULTA,395.47,330.8,438.63
1593,ULTA,395.47,330.8,438.63
1594,UNH,543.7,383.12,553.29
1595,UNH,543.7,383.12,553.29
1596,UNH,543.7,383.12,553.29
1597,UNH,543.7,383.12,553.29
1598,UNM,38.89,22.25,38.9
1599,UNM,38.89,22.25,38.9
1600,UNM,38.89,22.25,38.9
1601,UNM,38.89,22.25,38.9
1602,UNP,239.95,195.68,278.94
1603,UNP,239.95,195.68,278.94
1604,UNP,239.95,195.68,278.94
1605,UNP,239.95,195.68,278.94
1606,UPS,204.89,165.34,233.72
1607,UPS,204.89,165.34,233.72
1608,UPS,204.89,165.34,233.72
1609,UPS,204.89,165.34,233.72
1610,URBN,22.29,17.81,41.03
1611,URBN,22.29,17.81,41.03
1612,URBN,22.29,17.81,41.03
1613,URBN,22.29,17.81,41.03
1614,USB,48.77,43.75,63.57
1615,USB,48.77,43.75,63.57
1616,USB,48.77,43.75,63.57
1617,USB,48.77,43.75,63.57
1618,UTX,0.0,0.0,0.0
1619,UTX,0.0,0.0,0.0
1620,UTX,0.0,0.0,0.0
1621,UTX,0.0,0.0,0.0
1622,V,211.33,185.91,236.96
1623,V,211.33,185.91,236.96
1624,V,211.33,185.91,236.96
1625,V,211.33,185.91,236.96
1626,VAR,0.0,0.0,0.0
1627,VAR,0.0,0.0,0.0
1628,VAR,0.0,0.0,0.0
1629,VAR,0.0,0.0,0.0
1630,VFC,47.12,43.08,80.54
1631,VFC,47.12,43.08,80.54
1632,VFC,47.12,43.08,80.54
1633,VFC,47.12,43.08,80.54
1634,VIAB,0.0,0.0,0.0
1635,VIAB,0.0,0.0,0.0
1636,VIAB,0.0,0.0,0.0
1637,VIAB,0.0,0.0,0.0
1638,VLO,115.19,58.85,146.81
1639,VLO,115.19,58.85,146.81
1640,VLO,115.19,58.85,146.81
1641,VLO,115.19,58.85,146.81
1642,VMC,178.23,137.54,213.65
1643,VMC,178.23,137.54,213.65
1644,VMC,178.23,137.54,213.65
1645,VMC,178.23,137.54,213.65
1646,VNO,30.52,27.35,47.26
1647,VNO,30.52,27.35,47.26
1648,VNO,30.52,27.35,47.26
1649,VNO,30.52,27.35,47.26
1650,VRSK,202.87,156.05,231.57
1651,VRSK,202.87,156.05,231.57
1652,VRSK,202.87,156.05,231.57
1653,VRSK,202.87,156.05,231.57
1654,VRSN,202.09,155.25,257.03
1655,VRSN,202.09,155.25,257.03
1656,VRSN,202.09,155.25,257.03
1657,VRSN,202.09,155.25,257.03
1658,VRTX,294.52,176.36,301.8
1659,VRTX,294.52,176.36,301.8
1660,VRTX,294.52,176.36,301.8
1661,VRTX,294.52,176.36,301.8
1662,VTR,52.46,45.44,64.02
1663,VTR,52.46,45.44,64.02
1664,VTR,52.46,45.44,64.02
1665,VTR,52.46,45.44,64.02
1666,VZ,45.15,43.77,56.2
1667,VZ,45.15,43.77,56.2
1668,VZ,45.15,43.77,56.2
1669,VZ,45.15,43.77,56.2
1670,WAT,335.23,288.32,428.22
1671,WAT,335.23,288.32,428.22
1672,WAT,335.23,288.32,428.22
1673,WAT,335.23,288.32,428.22
1674,WDC,50.67,41.63,69.99
1675,WDC,50.67,41.63,69.99
1676,WDC,50.67,41.63,69.99
1677,WDC,50.67,41.63,69.99
1678,WEC,105.64,86.84,108.39
1679,WEC,105.64,86.84,108.39
1680,WEC,105.64,86.84,108.39
1681,WEC,105.64,86.84,108.39
1682,WFC,45.94,36.54,60.3
1683,WFC,45.94,36.54,60.3
1684,WFC,45.94,36.54,60.3
1685,WFC,45.94,36.54,60.3
1686,WFM,0.0,0.0,0.0
1687,WFM,0.0,0.0,0.0
1688,WFM,0.0,0.0,0.0
1689,WFM,0.0,0.0,0.0
1690,WHR,167.3,145.93,245.44
1691,WHR,167.3,145.93,245.44
1692,WHR,167.3,145.93,245.44
1693,WHR,167.3,145.93,245.44
1694,WLTW,0.0,0.0,0.0
1695,WLTW,0.0,0.0,0.0
1696,WLTW,0.0,0.0,0.0
1697,WLTW,0.0,0.0,0.0
1698,WM,171.74,138.58,172.44
1699,WM,171.74,138.58,172.44
1700,WM,171.74,138.58,172.44
1701,WM,171.74,138.58,172.44
1702,WMB,34.16,23.53,37.97
1703,WMB,34.16,23.53,37.97
1704,WMB,34.16,23.53,37.97
1705,WMB,34.16,23.53,37.97
1706,WMT,132.22,117.27,160.77
1707,WMT,132.22,117.27,160.77
1708,WMT,132.22,117.27,160.77
1709,WMT,132.22,117.27,160.77
1710,WRK,42.86,38.281,54.78
1711,WRK,42.86,38.281,54.78
1712,WRK,42.86,38.281,54.78
1713,WU,16.69,15.3,22.55
1714,WU,16.69,15.3,22.55
1715,WU,16.69,15.3,22.55
1716,WU,16.69,15.3,22.55
1717,WY,36.89,32.5,43.04
1718,WY,36.89,32.5,43.04
1719,WY,36.89,32.5,43.04
1720,WY,36.89,32.5,43.04
1721,WYN,0.0,0.0,0.0
1722,WYN,0.0,0.0,0.0
1723,WYN,0.0,0.0,0.0
1724,WYN,0.0,0.0,0.0
1725,WYNN,68.74,50.2,107.44
1726,WYNN,68.74,50.2,107.44
1727,WYNN,68.74,50.2,107.44
1728,WYNN,68.74,50.2,107.44
1729,XEC,0.0,0.0,0.0
1730,XEC,0.0,0.0,0.0
1731,XEC,0.0,0.0,0.0
1732,XEC,0.0,0.0,0.0
1733,XEL,75.96,61.16,76.63
1734,XEL,75.96,61.16,76.63
1735,XEL,75.96,61.16,76.63
1736,XEL,75.96,61.16,76.63
1737,XL,1.4,1.07,7.1
1738,XL,1.4,1.07,7.1
1739,XL,1.4,1.07,7.1
1740,XL,1.4,1.07,7.1
1741,XLNX,0.0,0.0,0.0
1742,XLNX,0.0,0.0,0.0
1743,XLNX,0.0,0.0,0.0
1744,XLNX,0.0,0.0,0.0
1745,XOM,94.0,52.1,105.57
1746,XOM,94.0,52.1,105.57
1747,XOM,94.0,52.1,105.57
1748,XOM,94.0,52.1,105.57
1749,XRAY,37.65,33.78,63.1
1750,XRAY,37.65,33.78,63.1
1751,XRAY,37.65,33.78,63.1
1752,XRAY,37.65,33.78,63.1
1753,XRX,19.14,13.24,24.14
1754,XRX,19.14,13.24,24.14
1755,XRX,19.14,13.24,24.14
1756,XRX,19.14,13.24,24.14
1757,XYL,103.38,72.08,138.78
1758,XYL,103.38,72.08,138.78
1759,XYL,103.38,72.08,138.78
1760,XYL,103.38,72.08,138.78
1761,YHOO,0.0,0.0,0.0
1762,YHOO,0.0,0.0,0.0
1763,YHOO,0.0,0.0,0.0
1764,YHOO,0.0,0.0,0.0
1765,YUM,118.16,108.37,139.85
1766,YUM,118.16,108.37,139.85
1767,YUM,118.16,108.37,139.85
1768,YUM,118.16,108.37,139.85
1769,ZBH,117.22,100.39,149.28156
1770,ZBH,117.22,100.39,149.28156
1771,ZBH,117.22,100.39,149.28156
1772,ZBH,117.22,100.39,149.28156
1773,ZION,58.22,47.92,75.44
1774,ZION,58.22,47.92,75.44
1775,ZION,58.22,47.92,75.44
1776,ZION,58.22,47.92,75.44
1777,ZTS,175.67,154.18,249.27
1778,ZTS,175.67,154.18,249.27
1779,ZTS,175.67,154.18,249.27
1780,ZTS,175.67,154.18,249.27
